"Ausprägung","Jahr","Raumbezug","Bevölkerungsdichte","Hauptwohnsitzbevölkerung","Fläche_in_km²","BezirksID"
"insgesamt",2024,"Stadt München",5161,1603776,310.7,26
"insgesamt",2024,"Altstadt",6636,20876,3.1,1
"insgesamt",2024,"Ludwigsvorstadt",11378,50081,4.4,2
"insgesamt",2024,"Maxvorstadt",12199,52434,4.3,3
"insgesamt",2024,"Schwabing-West",15724,68610,4.4,4
"insgesamt",2024,"Haidhausen",15159,63972,4.2,5
"insgesamt",2024,"Sendling",10409,41002,3.9,6
"insgesamt",2024,"Sendling-Westpark",7964,62240,7.8,7
"insgesamt",2024,"Schwanthalerhöhe",13855,28684,2.1,8
"insgesamt",2024,"Neuhausen",7890,101901,12.9,9
"insgesamt",2024,"Moosach",5049,56015,11.1,10
"insgesamt",2024,"Milbertshofen",5760,77281,13.4,11
"insgesamt",2024,"Schwabing",3003,77092,25.7,12
"insgesamt",2024,"Bogenhausen",4026,95475,23.7,13
"insgesamt",2024,"Berg am Laim",7500,47367,6.3,14
"insgesamt",2024,"Trudering",3397,76280,22.5,15
"insgesamt",2024,"Ramersdorf",6070,120776,19.9,16
"insgesamt",2024,"Obergiesing",9501,54352,5.7,17
"insgesamt",2024,"Untergiesing",6710,54067,8.1,18
"insgesamt",2024,"Thalkirchen",5839,103717,17.8,19
"insgesamt",2024,"Hadern",5598,51637,9.2,20
"insgesamt",2024,"Pasing",4959,81804,16.5,21
"insgesamt",2024,"Aubing",1791,61011,34.1,22
"insgesamt",2024,"Allach",2345,36230,15.5,23
"insgesamt",2024,"Feldmoching",2203,63756,28.9,24
"insgesamt",2024,"Laim",10805,57116,5.3,25
"insgesamt",2023,"Stadt München",5114,1589026,310.7,26
"insgesamt",2023,"Altstadt",6631,20860,3.1,1
"insgesamt",2023,"Ludwigsvorstadt",11331,49876,4.4,2
"insgesamt",2023,"Maxvorstadt",12085,51945,4.3,3
"insgesamt",2023,"Schwabing-West",15643,68254,4.4,4
"insgesamt",2023,"Haidhausen",15067,63583,4.2,5
"insgesamt",2023,"Sendling",10356,40790,3.9,6
"insgesamt",2023,"Sendling-Westpark",7942,62065,7.8,7
"insgesamt",2023,"Schwanthalerhöhe",13878,28732,2.1,8
"insgesamt",2023,"Neuhausen",7774,100396,12.9,9
"insgesamt",2023,"Moosach",5034,55851,11.1,10
"insgesamt",2023,"Milbertshofen",5737,76971,13.4,11
"insgesamt",2023,"Schwabing",2999,76986,25.7,12
"insgesamt",2023,"Bogenhausen",3978,94337,23.7,13
"insgesamt",2023,"Berg am Laim",7448,47037,6.3,14
"insgesamt",2023,"Trudering",3373,75728,22.5,15
"insgesamt",2023,"Ramersdorf",6035,120085,19.9,16
"insgesamt",2023,"Obergiesing",9403,53795,5.7,17
"insgesamt",2023,"Untergiesing",6691,53909,8.1,18
"insgesamt",2023,"Thalkirchen",5742,101992,17.8,19
"insgesamt",2023,"Hadern",5578,51446,9.2,20
"insgesamt",2023,"Pasing",4925,81246,16.5,21
"insgesamt",2023,"Aubing",1688,57502,34.1,22
"insgesamt",2023,"Allach",2325,35918,15.5,23
"insgesamt",2023,"Feldmoching",2177,63006,28.9,24
"insgesamt",2023,"Laim",10729,56716,5.3,25
"insgesamt",2022,"Stadt München",5112,1588330,310.7,26
"insgesamt",2022,"Altstadt",6614,20808,3.1,1
"insgesamt",2022,"Ludwigsvorstadt",11567,50915,4.4,2
"insgesamt",2022,"Maxvorstadt",12161,52269,4.3,3
"insgesamt",2022,"Schwabing-West",15723,68603,4.4,4
"insgesamt",2022,"Haidhausen",15020,63383,4.2,5
"insgesamt",2022,"Sendling",10412,41011,3.9,6
"insgesamt",2022,"Sendling-Westpark",7895,61702,7.8,7
"insgesamt",2022,"Schwanthalerhöhe",14001,28986,2.1,8
"insgesamt",2022,"Neuhausen",7781,100495,12.9,9
"insgesamt",2022,"Moosach",5026,55761,11.1,10
"insgesamt",2022,"Milbertshofen",5739,77002,13.4,11
"insgesamt",2022,"Schwabing",3081,79092,25.7,12
"insgesamt",2022,"Bogenhausen",3977,94317,23.7,13
"insgesamt",2022,"Berg am Laim",7466,47148,6.3,14
"insgesamt",2022,"Trudering",3385,75998,22.5,15
"insgesamt",2022,"Ramersdorf",6010,119572,19.9,16
"insgesamt",2022,"Obergiesing",9433,53964,5.7,17
"insgesamt",2022,"Untergiesing",6711,54068,8.1,18
"insgesamt",2022,"Thalkirchen",5691,101087,17.8,19
"insgesamt",2022,"Hadern",5555,51239,9.2,20
"insgesamt",2022,"Pasing",4868,80309,16.5,21
"insgesamt",2022,"Aubing",1604,54619,34.1,22
"insgesamt",2022,"Allach",2331,36017,15.5,23
"insgesamt",2022,"Feldmoching",2181,63110,28.9,24
"insgesamt",2022,"Laim",10756,56855,5.3,25
"insgesamt",2021,"Stadt München",5027,1562128,310.7,26
"insgesamt",2021,"Altstadt",6556,20626,3.1,1
"insgesamt",2021,"Ludwigsvorstadt",11574,50943,4.4,2
"insgesamt",2021,"Maxvorstadt",11918,51228,4.3,3
"insgesamt",2021,"Schwabing-West",15643,68255,4.4,4
"insgesamt",2021,"Haidhausen",14767,62315,4.2,5
"insgesamt",2021,"Sendling",10334,40704,3.9,6
"insgesamt",2021,"Sendling-Westpark",7747,60540,7.8,7
"insgesamt",2021,"Schwanthalerhöhe",13945,28870,2.1,8
"insgesamt",2021,"Neuhausen",7698,99415,12.9,9
"insgesamt",2021,"Moosach",4951,54928,11.1,10
"insgesamt",2021,"Milbertshofen",5639,75658,13.4,11
"insgesamt",2021,"Schwabing",3026,77701,25.7,12
"insgesamt",2021,"Bogenhausen",3905,92593,23.7,13
"insgesamt",2021,"Berg am Laim",7406,46769,6.3,14
"insgesamt",2021,"Trudering",3335,74884,22.5,15
"insgesamt",2021,"Ramersdorf",5931,118010,19.9,16
"insgesamt",2021,"Obergiesing",9349,53483,5.7,17
"insgesamt",2021,"Untergiesing",6578,52999,8.1,18
"insgesamt",2021,"Thalkirchen",5588,99260,17.8,19
"insgesamt",2021,"Hadern",5452,50290,9.2,20
"insgesamt",2021,"Pasing",4742,78232,16.5,21
"insgesamt",2021,"Aubing",1521,51786,34.1,22
"insgesamt",2021,"Allach",2237,34566,15.5,23
"insgesamt",2021,"Feldmoching",2149,62192,28.9,24
"insgesamt",2021,"Laim",10571,55881,5.3,25
"insgesamt",2020,"Stadt München",5027,1562096,310.7,26
"insgesamt",2020,"Altstadt",6663,20960,3.1,1
"insgesamt",2020,"Ludwigsvorstadt",11711,51547,4.4,2
"insgesamt",2020,"Maxvorstadt",11989,51530,4.3,3
"insgesamt",2020,"Schwabing-West",15756,68750,4.4,4
"insgesamt",2020,"Haidhausen",14776,62353,4.2,5
"insgesamt",2020,"Sendling",10388,40916,3.9,6
"insgesamt",2020,"Sendling-Westpark",7738,60468,7.8,7
"insgesamt",2020,"Schwanthalerhöhe",14166,29328,2.1,8
"insgesamt",2020,"Neuhausen",7720,99704,12.9,9
"insgesamt",2020,"Moosach",4952,54934,11.1,10
"insgesamt",2020,"Milbertshofen",5664,75999,13.4,11
"insgesamt",2020,"Schwabing",3072,78881,25.7,12
"insgesamt",2020,"Bogenhausen",3874,91855,23.7,13
"insgesamt",2020,"Berg am Laim",7429,46915,6.3,14
"insgesamt",2020,"Trudering",3316,74456,22.5,15
"insgesamt",2020,"Ramersdorf",5938,118147,19.9,16
"insgesamt",2020,"Obergiesing",9421,53897,5.7,17
"insgesamt",2020,"Untergiesing",6571,52940,8.1,18
"insgesamt",2020,"Thalkirchen",5550,98596,17.8,19
"insgesamt",2020,"Hadern",5396,49770,9.2,20
"insgesamt",2020,"Pasing",4686,77301,16.5,21
"insgesamt",2020,"Aubing",1472,50140,34.1,22
"insgesamt",2020,"Allach",2182,33710,15.5,23
"insgesamt",2020,"Feldmoching",2152,62270,28.9,24
"insgesamt",2020,"Laim",10732,56729,5.3,25
"insgesamt",2019,"Stadt München",5021,1560042,310.7,26
"insgesamt",2019,"Altstadt",6716,21126,3.1,1
"insgesamt",2019,"Ludwigsvorstadt",11799,51933,4.4,2
"insgesamt",2019,"Maxvorstadt",12060,51834,4.3,3
"insgesamt",2019,"Schwabing-West",15800,68935,4.4,4
"insgesamt",2019,"Haidhausen",14611,61654,4.2,5
"insgesamt",2019,"Sendling",10475,41256,3.9,6
"insgesamt",2019,"Sendling-Westpark",7742,60498,7.8,7
"insgesamt",2019,"Schwanthalerhöhe",14303,29611,2.1,8
"insgesamt",2019,"Neuhausen",7760,100213,12.9,9
"insgesamt",2019,"Moosach",4946,54872,11.1,10
"insgesamt",2019,"Milbertshofen",5706,76559,13.4,11
"insgesamt",2019,"Schwabing",3064,78657,25.7,12
"insgesamt",2019,"Bogenhausen",3797,90025,23.7,13
"insgesamt",2019,"Berg am Laim",7443,47000,6.3,14
"insgesamt",2019,"Trudering",3273,73479,22.5,15
"insgesamt",2019,"Ramersdorf",5927,117918,19.9,16
"insgesamt",2019,"Obergiesing",9527,54498,5.7,17
"insgesamt",2019,"Untergiesing",6609,53243,8.1,18
"insgesamt",2019,"Thalkirchen",5500,97689,17.8,19
"insgesamt",2019,"Hadern",5439,50165,9.2,20
"insgesamt",2019,"Pasing",4628,76348,16.5,21
"insgesamt",2019,"Aubing",1441,49072,34.1,22
"insgesamt",2019,"Allach",2218,34277,15.5,23
"insgesamt",2019,"Feldmoching",2145,62069,28.9,24
"insgesamt",2019,"Laim",10804,57111,5.3,25
"insgesamt",2018,"Stadt München",4963,1542211,310.7,26
"insgesamt",2018,"Altstadt",6708,21100,3.1,1
"insgesamt",2018,"Ludwigsvorstadt",11734,51644,4.4,2
"insgesamt",2018,"Maxvorstadt",11960,51402,4.3,3
"insgesamt",2018,"Schwabing-West",15706,68527,4.4,4
"insgesamt",2018,"Haidhausen",14541,61356,4.2,5
"insgesamt",2018,"Sendling",10405,40983,3.9,6
"insgesamt",2018,"Sendling-Westpark",7632,59643,7.8,7
"insgesamt",2018,"Schwanthalerhöhe",14367,29743,2.1,8
"insgesamt",2018,"Neuhausen",7651,98814,12.9,9
"insgesamt",2018,"Moosach",4888,54223,11.1,10
"insgesamt",2018,"Milbertshofen",5597,75094,13.4,11
"insgesamt",2018,"Schwabing",3036,77936,25.7,12
"insgesamt",2018,"Bogenhausen",3709,87950,23.7,13
"insgesamt",2018,"Berg am Laim",7300,46098,6.3,14
"insgesamt",2018,"Trudering",3261,73206,22.5,15
"insgesamt",2018,"Ramersdorf",5847,116327,19.9,16
"insgesamt",2018,"Obergiesing",9485,54256,5.7,17
"insgesamt",2018,"Untergiesing",6601,53184,8.1,18
"insgesamt",2018,"Thalkirchen",5445,96714,17.8,19
"insgesamt",2018,"Hadern",5410,49898,9.2,20
"insgesamt",2018,"Pasing",4523,74625,16.5,21
"insgesamt",2018,"Aubing",1404,47813,34.1,22
"insgesamt",2018,"Allach",2159,33355,15.5,23
"insgesamt",2018,"Feldmoching",2135,61774,28.9,24
"insgesamt",2018,"Laim",10698,56546,5.3,25
"insgesamt",2017,"Stadt München",4911,1526056,310.7,26
"insgesamt",2017,"Altstadt",6652,20926,3.1,1
"insgesamt",2017,"Ludwigsvorstadt",11731,51632,4.4,2
"insgesamt",2017,"Maxvorstadt",11939,51311,4.3,3
"insgesamt",2017,"Schwabing-West",15646,68265,4.4,4
"insgesamt",2017,"Haidhausen",14441,60937,4.2,5
"insgesamt",2017,"Sendling",10329,40682,3.9,6
"insgesamt",2017,"Sendling-Westpark",7599,59386,7.8,7
"insgesamt",2017,"Schwanthalerhöhe",14267,29535,2.1,8
"insgesamt",2017,"Neuhausen",7629,98520,12.9,9
"insgesamt",2017,"Moosach",4837,53662,11.1,10
"insgesamt",2017,"Milbertshofen",5570,74731,13.4,11
"insgesamt",2017,"Schwabing",2974,76341,25.7,12
"insgesamt",2017,"Bogenhausen",3626,85971,23.7,13
"insgesamt",2017,"Berg am Laim",7219,45582,6.3,14
"insgesamt",2017,"Trudering",3207,72006,22.5,15
"insgesamt",2017,"Ramersdorf",5754,114478,19.9,16
"insgesamt",2017,"Obergiesing",9429,53937,5.7,17
"insgesamt",2017,"Untergiesing",6529,52600,8.1,18
"insgesamt",2017,"Thalkirchen",5379,95554,17.8,19
"insgesamt",2017,"Hadern",5380,49626,9.2,20
"insgesamt",2017,"Pasing",4491,74098,16.5,21
"insgesamt",2017,"Aubing",1362,46385,34.1,22
"insgesamt",2017,"Allach",2115,32677,15.5,23
"insgesamt",2017,"Feldmoching",2106,60933,28.9,24
"insgesamt",2017,"Laim",10647,56281,5.3,25
"insgesamt",2016,"Stadt München",4966,1542860,310.7,26
"insgesamt",2016,"Altstadt",6820,21454,3.1,1
"insgesamt",2016,"Ludwigsvorstadt",12477,54915,4.4,2
"insgesamt",2016,"Maxvorstadt",12435,53443,4.3,3
"insgesamt",2016,"Schwabing-West",15908,69407,4.4,4
"insgesamt",2016,"Haidhausen",14693,61999,4.2,5
"insgesamt",2016,"Sendling",10468,41230,3.9,6
"insgesamt",2016,"Sendling-Westpark",7572,59174,7.8,7
"insgesamt",2016,"Schwanthalerhöhe",14627,30282,2.1,8
"insgesamt",2016,"Neuhausen",7707,99538,12.9,9
"insgesamt",2016,"Moosach",4855,53859,11.1,10
"insgesamt",2016,"Milbertshofen",5684,76255,13.4,11
"insgesamt",2016,"Schwabing",3007,77188,25.7,12
"insgesamt",2016,"Bogenhausen",3676,87164,23.7,13
"insgesamt",2016,"Berg am Laim",7230,45655,6.3,14
"insgesamt",2016,"Trudering",3182,71448,22.5,15
"insgesamt",2016,"Ramersdorf",5725,113898,19.9,16
"insgesamt",2016,"Obergiesing",9577,54784,5.7,17
"insgesamt",2016,"Untergiesing",6709,54050,8.1,18
"insgesamt",2016,"Thalkirchen",5416,96200,17.8,19
"insgesamt",2016,"Hadern",5482,50567,9.2,20
"insgesamt",2016,"Pasing",4512,74432,16.5,21
"insgesamt",2016,"Aubing",1338,45571,34.1,22
"insgesamt",2016,"Allach",2087,32248,15.5,23
"insgesamt",2016,"Feldmoching",2134,61764,28.9,24
"insgesamt",2016,"Laim",10658,56335,5.3,25
"insgesamt",2015,"Stadt München",4897,1521678,310.7,26
"insgesamt",2015,"Altstadt",6715,21122,3.1,1
"insgesamt",2015,"Ludwigsvorstadt",12280,54049,4.4,2
"insgesamt",2015,"Maxvorstadt",12504,53743,4.3,3
"insgesamt",2015,"Schwabing-West",15706,68527,4.4,4
"insgesamt",2015,"Haidhausen",14574,61495,4.2,5
"insgesamt",2015,"Sendling",10379,40879,3.9,6
"insgesamt",2015,"Sendling-Westpark",7473,58398,7.8,7
"insgesamt",2015,"Schwanthalerhöhe",14675,30381,2.1,8
"insgesamt",2015,"Neuhausen",7643,98702,12.9,9
"insgesamt",2015,"Moosach",4801,53261,11.1,10
"insgesamt",2015,"Milbertshofen",5627,75488,13.4,11
"insgesamt",2015,"Schwabing",2922,75020,25.7,12
"insgesamt",2015,"Bogenhausen",3625,85947,23.7,13
"insgesamt",2015,"Berg am Laim",7132,45035,6.3,14
"insgesamt",2015,"Trudering",3110,69830,22.5,15
"insgesamt",2015,"Ramersdorf",5648,112371,19.9,16
"insgesamt",2015,"Obergiesing",9510,54402,5.7,17
"insgesamt",2015,"Untergiesing",6625,53377,8.1,18
"insgesamt",2015,"Thalkirchen",5269,93602,17.8,19
"insgesamt",2015,"Hadern",5449,50257,9.2,20
"insgesamt",2015,"Pasing",4444,73320,16.5,21
"insgesamt",2015,"Aubing",1282,43682,34.1,22
"insgesamt",2015,"Allach",2063,31882,15.5,23
"insgesamt",2015,"Feldmoching",2126,61534,28.9,24
"insgesamt",2015,"Laim",10476,55374,5.3,25
"insgesamt",2014,"Stadt München",4798,1490681,310.7,26
"insgesamt",2014,"Altstadt",6614,20806,3.1,1
"insgesamt",2014,"Ludwigsvorstadt",11855,52177,4.4,2
"insgesamt",2014,"Maxvorstadt",12233,52575,4.3,3
"insgesamt",2014,"Schwabing-West",15378,67094,4.4,4
"insgesamt",2014,"Haidhausen",14398,60756,4.2,5
"insgesamt",2014,"Sendling",10263,40422,3.9,6
"insgesamt",2014,"Sendling-Westpark",7228,56485,7.8,7
"insgesamt",2014,"Schwanthalerhöhe",14531,30083,2.1,8
"insgesamt",2014,"Neuhausen",7551,97521,12.9,9
"insgesamt",2014,"Moosach",4747,52657,11.1,10
"insgesamt",2014,"Milbertshofen",5565,74667,13.4,11
"insgesamt",2014,"Schwabing",2797,71802,25.7,12
"insgesamt",2014,"Bogenhausen",3539,83900,23.7,13
"insgesamt",2014,"Berg am Laim",6972,44022,6.3,14
"insgesamt",2014,"Trudering",3032,68063,22.5,15
"insgesamt",2014,"Ramersdorf",5534,110099,19.9,16
"insgesamt",2014,"Obergiesing",9220,52743,5.7,17
"insgesamt",2014,"Untergiesing",6510,52452,8.1,18
"insgesamt",2014,"Thalkirchen",5146,91412,17.8,19
"insgesamt",2014,"Hadern",5407,49874,9.2,20
"insgesamt",2014,"Pasing",4357,71880,16.5,21
"insgesamt",2014,"Aubing",1258,42859,34.1,22
"insgesamt",2014,"Allach",2029,31353,15.5,23
"insgesamt",2014,"Feldmoching",2082,60262,28.9,24
"insgesamt",2014,"Laim",10351,54714,5.3,25
"insgesamt",2013,"Stadt München",4715,1464962,310.7,26
"insgesamt",2013,"Altstadt",6492,20422,3.1,1
"insgesamt",2013,"Ludwigsvorstadt",11501,50620,4.4,2
"insgesamt",2013,"Maxvorstadt",12016,51642,4.3,3
"insgesamt",2013,"Schwabing-West",15102,65892,4.4,4
"insgesamt",2013,"Haidhausen",14160,59752,4.2,5
"insgesamt",2013,"Sendling",10144,39953,3.9,6
"insgesamt",2013,"Sendling-Westpark",7090,55405,7.8,7
"insgesamt",2013,"Schwanthalerhöhe",14328,29663,2.1,8
"insgesamt",2013,"Neuhausen",7426,95906,12.9,9
"insgesamt",2013,"Moosach",4646,51537,11.1,10
"insgesamt",2013,"Milbertshofen",5487,73617,13.4,11
"insgesamt",2013,"Schwabing",2714,69676,25.7,12
"insgesamt",2013,"Bogenhausen",3464,82138,23.7,13
"insgesamt",2013,"Berg am Laim",6820,43068,6.3,14
"insgesamt",2013,"Trudering",2985,67009,22.5,15
"insgesamt",2013,"Ramersdorf",5441,108244,19.9,16
"insgesamt",2013,"Obergiesing",9003,51499,5.7,17
"insgesamt",2013,"Untergiesing",6446,51937,8.1,18
"insgesamt",2013,"Thalkirchen",5111,90790,17.8,19
"insgesamt",2013,"Hadern",5306,48945,9.2,20
"insgesamt",2013,"Pasing",4290,70783,16.5,21
"insgesamt",2013,"Aubing",1242,42305,34.1,22
"insgesamt",2013,"Allach",1989,30737,15.5,23
"insgesamt",2013,"Feldmoching",2052,59391,28.9,24
"insgesamt",2013,"Laim",10222,54030,5.3,25
"insgesamt",2012,"Stadt München",4633,1439474,310.7,26
"insgesamt",2012,"Altstadt",6373,20048,3.1,1
"insgesamt",2012,"Ludwigsvorstadt",11282,49657,4.4,2
"insgesamt",2012,"Maxvorstadt",11838,50877,4.3,3
"insgesamt",2012,"Schwabing-West",14845,64770,4.4,4
"insgesamt",2012,"Haidhausen",13954,58881,4.2,5
"insgesamt",2012,"Sendling",10046,39567,3.9,6
"insgesamt",2012,"Sendling-Westpark",6981,54552,7.8,7
"insgesamt",2012,"Schwanthalerhöhe",14202,29402,2.1,8
"insgesamt",2012,"Neuhausen",7299,94257,12.9,9
"insgesamt",2012,"Moosach",4530,50253,11.1,10
"insgesamt",2012,"Milbertshofen",5404,72506,13.4,11
"insgesamt",2012,"Schwabing",2669,68530,25.7,12
"insgesamt",2012,"Bogenhausen",3409,80816,23.7,13
"insgesamt",2012,"Berg am Laim",6701,42313,6.3,14
"insgesamt",2012,"Trudering",2934,65869,22.5,15
"insgesamt",2012,"Ramersdorf",5386,107164,19.9,16
"insgesamt",2012,"Obergiesing",8951,51201,5.7,17
"insgesamt",2012,"Untergiesing",6353,51180,8.1,18
"insgesamt",2012,"Thalkirchen",4913,87271,17.8,19
"insgesamt",2012,"Hadern",5198,47949,9.2,20
"insgesamt",2012,"Pasing",4200,69295,16.5,21
"insgesamt",2012,"Aubing",1207,41116,34.1,22
"insgesamt",2012,"Allach",1967,30393,15.5,23
"insgesamt",2012,"Feldmoching",2013,58245,28.9,24
"insgesamt",2012,"Laim",10095,53359,5.3,25
"insgesamt",2011,"Stadt München",4540,1410741,310.7,26
"insgesamt",2011,"Altstadt",6265,19707,3.1,1
"insgesamt",2011,"Ludwigsvorstadt",10958,48231,4.4,2
"insgesamt",2011,"Maxvorstadt",11517,49498,4.3,3
"insgesamt",2011,"Schwabing-West",14587,63644,4.4,4
"insgesamt",2011,"Haidhausen",13579,57297,4.2,5
"insgesamt",2011,"Sendling",9902,39002,3.9,6
"insgesamt",2011,"Sendling-Westpark",6817,53271,7.8,7
"insgesamt",2011,"Schwanthalerhöhe",13853,28678,2.1,8
"insgesamt",2011,"Neuhausen",7135,92139,12.9,9
"insgesamt",2011,"Moosach",4452,49384,11.1,10
"insgesamt",2011,"Milbertshofen",5253,70470,13.4,11
"insgesamt",2011,"Schwabing",2599,66706,25.7,12
"insgesamt",2011,"Bogenhausen",3339,79175,23.7,13
"insgesamt",2011,"Berg am Laim",6547,41342,6.3,14
"insgesamt",2011,"Trudering",2895,64983,22.5,15
"insgesamt",2011,"Ramersdorf",5323,105900,19.9,16
"insgesamt",2011,"Obergiesing",8855,50656,5.7,17
"insgesamt",2011,"Untergiesing",6263,50455,8.1,18
"insgesamt",2011,"Thalkirchen",4814,85468,17.8,19
"insgesamt",2011,"Hadern",5145,47459,9.2,20
"insgesamt",2011,"Pasing",4114,67878,16.5,21
"insgesamt",2011,"Aubing",1168,39789,34.1,22
"insgesamt",2011,"Allach",1922,29693,15.5,23
"insgesamt",2011,"Feldmoching",1976,57183,28.9,24
"insgesamt",2011,"Laim",9976,52733,5.3,25
"insgesamt",2010,"Stadt München",4449,1382273,310.7,26
"insgesamt",2010,"Altstadt",6106,19207,3.1,1
"insgesamt",2010,"Ludwigsvorstadt",10759,47357,4.4,2
"insgesamt",2010,"Maxvorstadt",11372,48875,4.3,3
"insgesamt",2010,"Schwabing-West",14406,62856,4.4,4
"insgesamt",2010,"Haidhausen",13348,56322,4.2,5
"insgesamt",2010,"Sendling",9792,38567,3.9,6
"insgesamt",2010,"Sendling-Westpark",6718,52495,7.8,7
"insgesamt",2010,"Schwanthalerhöhe",13527,28004,2.1,8
"insgesamt",2010,"Neuhausen",6914,89286,12.9,9
"insgesamt",2010,"Moosach",4365,48421,11.1,10
"insgesamt",2010,"Milbertshofen",5141,68970,13.4,11
"insgesamt",2010,"Schwabing",2538,65158,25.7,12
"insgesamt",2010,"Bogenhausen",3270,77542,23.7,13
"insgesamt",2010,"Berg am Laim",6422,40550,6.3,14
"insgesamt",2010,"Trudering",2795,62756,22.5,15
"insgesamt",2010,"Ramersdorf",5264,104737,19.9,16
"insgesamt",2010,"Obergiesing",8571,49030,5.7,17
"insgesamt",2010,"Untergiesing",6144,49502,8.1,18
"insgesamt",2010,"Thalkirchen",4708,83584,17.8,19
"insgesamt",2010,"Hadern",5079,46851,9.2,20
"insgesamt",2010,"Pasing",4015,66244,16.5,21
"insgesamt",2010,"Aubing",1141,38863,34.1,22
"insgesamt",2010,"Allach",1887,29161,15.5,23
"insgesamt",2010,"Feldmoching",1940,56130,28.9,24
"insgesamt",2010,"Laim",9801,51805,5.3,25
"insgesamt",2009,"Stadt München",4391,1364194,310.7,26
"insgesamt",2009,"Altstadt",6018,18932,3.1,1
"insgesamt",2009,"Ludwigsvorstadt",10552,46446,4.4,2
"insgesamt",2009,"Maxvorstadt",11312,48619,4.3,3
"insgesamt",2009,"Schwabing-West",14217,62028,4.4,4
"insgesamt",2009,"Haidhausen",13174,55590,4.2,5
"insgesamt",2009,"Sendling",9676,38112,3.9,6
"insgesamt",2009,"Sendling-Westpark",6678,52185,7.8,7
"insgesamt",2009,"Schwanthalerhöhe",13435,27814,2.1,8
"insgesamt",2009,"Neuhausen",6802,87846,12.9,9
"insgesamt",2009,"Moosach",4389,48692,11.1,10
"insgesamt",2009,"Milbertshofen",5070,68023,13.4,11
"insgesamt",2009,"Schwabing",2482,63720,25.7,12
"insgesamt",2009,"Bogenhausen",3234,76684,23.7,13
"insgesamt",2009,"Berg am Laim",6301,39787,6.3,14
"insgesamt",2009,"Trudering",2712,60879,22.5,15
"insgesamt",2009,"Ramersdorf",5214,103732,19.9,16
"insgesamt",2009,"Obergiesing",8465,48425,5.7,17
"insgesamt",2009,"Untergiesing",6071,48911,8.1,18
"insgesamt",2009,"Thalkirchen",4646,82482,17.8,19
"insgesamt",2009,"Hadern",5040,46490,9.2,20
"insgesamt",2009,"Pasing",3957,65279,16.5,21
"insgesamt",2009,"Aubing",1124,38268,34.1,22
"insgesamt",2009,"Allach",1859,28732,15.5,23
"insgesamt",2009,"Feldmoching",1907,55180,28.9,24
"insgesamt",2009,"Laim",9712,51338,5.3,25
"insgesamt",2008,"Stadt München",4405,1367314,310.4,26
"insgesamt",2008,"Altstadt",6201,19505,3.1,1
"insgesamt",2008,"Ludwigsvorstadt",10814,47599,4.4,2
"insgesamt",2008,"Maxvorstadt",11378,48884,4.3,3
"insgesamt",2008,"Schwabing-West",14334,62541,4.4,4
"insgesamt",2008,"Haidhausen",13237,55853,4.2,5
"insgesamt",2008,"Sendling",9733,38335,3.9,6
"insgesamt",2008,"Sendling-Westpark",6687,52257,7.8,7
"insgesamt",2008,"Schwanthalerhöhe",13423,27789,2.1,8
"insgesamt",2008,"Neuhausen",6739,87043,12.9,9
"insgesamt",2008,"Moosach",4367,48451,11.1,10
"insgesamt",2008,"Milbertshofen",5096,68198,13.4,11
"insgesamt",2008,"Schwabing",2507,64350,25.7,12
"insgesamt",2008,"Bogenhausen",3252,77112,23.7,13
"insgesamt",2008,"Berg am Laim",6341,40039,6.3,14
"insgesamt",2008,"Trudering",2629,59031,22.5,15
"insgesamt",2008,"Ramersdorf",5232,104089,19.9,16
"insgesamt",2008,"Obergiesing",8440,48282,5.7,17
"insgesamt",2008,"Untergiesing",6131,49391,8.1,18
"insgesamt",2008,"Thalkirchen",4662,82771,17.8,19
"insgesamt",2008,"Hadern",5029,46385,9.2,20
"insgesamt",2008,"Pasing",3957,65290,16.5,21
"insgesamt",2008,"Aubing",1125,38327,34.1,22
"insgesamt",2008,"Allach",1864,28796,15.5,23
"insgesamt",2008,"Feldmoching",1940,55667,28.7,24
"insgesamt",2008,"Laim",9711,51329,5.3,25
"insgesamt",2007,"Stadt München",4353,1351445,310.4,26
"insgesamt",2007,"Altstadt",6087,19228,3.2,1
"insgesamt",2007,"Ludwigsvorstadt",10593,46520,4.4,2
"insgesamt",2007,"Maxvorstadt",11113,47711,4.3,3
"insgesamt",2007,"Schwabing-West",14099,61514,4.4,4
"insgesamt",2007,"Haidhausen",13107,55288,4.2,5
"insgesamt",2007,"Sendling",9631,37940,3.9,6
"insgesamt",2007,"Sendling-Westpark",6622,51745,7.8,7
"insgesamt",2007,"Schwanthalerhöhe",12982,26877,2.1,8
"insgesamt",2007,"Neuhausen",6656,85964,12.9,9
"insgesamt",2007,"Moosach",4354,48306,11.1,10
"insgesamt",2007,"Milbertshofen",5075,67864,13.4,11
"insgesamt",2007,"Schwabing",2487,63832,25.7,12
"insgesamt",2007,"Bogenhausen",3235,76709,23.7,13
"insgesamt",2007,"Berg am Laim",6303,39786,6.3,14
"insgesamt",2007,"Trudering",2516,56487,22.5,15
"insgesamt",2007,"Ramersdorf",5198,103447,19.9,16
"insgesamt",2007,"Obergiesing",8366,47791,5.7,17
"insgesamt",2007,"Untergiesing",6079,48990,8.1,18
"insgesamt",2007,"Thalkirchen",4635,82283,17.8,19
"insgesamt",2007,"Hadern",4993,46059,9.2,20
"insgesamt",2007,"Pasing",3926,64773,16.5,21
"insgesamt",2007,"Aubing",1118,38091,34.1,22
"insgesamt",2007,"Allach",1823,28165,15.5,23
"insgesamt",2007,"Feldmoching",1932,55475,28.7,24
"insgesamt",2007,"Laim",9573,50600,5.3,25
"insgesamt",2006,"Stadt München",4272,1326206,310.4,26
"insgesamt",2006,"Altstadt",5976,18876,3.2,1
"insgesamt",2006,"Ludwigsvorstadt",10414,45736,4.4,2
"insgesamt",2006,"Maxvorstadt",10728,46058,4.3,3
"insgesamt",2006,"Schwabing-West",13639,59553,4.4,4
"insgesamt",2006,"Haidhausen",12892,54382,4.2,5
"insgesamt",2006,"Sendling",9429,37146,3.9,6
"insgesamt",2006,"Sendling-Westpark",6514,50903,7.8,7
"insgesamt",2006,"Schwanthalerhöhe",12609,26103,2.1,8
"insgesamt",2006,"Neuhausen",6551,84604,12.9,9
"insgesamt",2006,"Moosach",4304,47754,11.1,10
"insgesamt",2006,"Milbertshofen",5011,66992,13.4,11
"insgesamt",2006,"Schwabing",2432,62430,25.7,12
"insgesamt",2006,"Bogenhausen",3190,75657,23.7,13
"insgesamt",2006,"Berg am Laim",6180,39009,6.3,14
"insgesamt",2006,"Trudering",2401,53915,22.5,15
"insgesamt",2006,"Ramersdorf",5160,102689,19.9,16
"insgesamt",2006,"Obergiesing",8229,47007,5.7,17
"insgesamt",2006,"Untergiesing",5966,48075,8.1,18
"insgesamt",2006,"Thalkirchen",4546,80701,17.8,19
"insgesamt",2006,"Hadern",4878,44993,9.2,20
"insgesamt",2006,"Pasing",3865,63763,16.5,21
"insgesamt",2006,"Aubing",1112,37857,34.1,22
"insgesamt",2006,"Allach",1795,27730,15.5,23
"insgesamt",2006,"Feldmoching",1889,54245,28.7,24
"insgesamt",2006,"Laim",9464,50028,5.3,25
"insgesamt",2005,"Stadt München",4150,1288307,310.4,26
"insgesamt",2005,"Altstadt",5889,18631,3.2,1
"insgesamt",2005,"Ludwigsvorstadt",10017,43945,4.4,2
"insgesamt",2005,"Maxvorstadt",9833,42201,4.3,3
"insgesamt",2005,"Schwabing-West",12831,56033,4.4,4
"insgesamt",2005,"Haidhausen",12448,52502,4.2,5
"insgesamt",2005,"Sendling",9129,35966,3.9,6
"insgesamt",2005,"Sendling-Westpark",6330,49472,7.8,7
"insgesamt",2005,"Schwanthalerhöhe",12319,25507,2.1,8
"insgesamt",2005,"Neuhausen",6362,82156,12.9,9
"insgesamt",2005,"Moosach",4255,47198,11.1,10
"insgesamt",2005,"Milbertshofen",4831,64612,13.4,11
"insgesamt",2005,"Schwabing",2329,59767,25.7,12
"insgesamt",2005,"Bogenhausen",3115,73860,23.7,13
"insgesamt",2005,"Berg am Laim",6074,38341,6.3,14
"insgesamt",2005,"Trudering",2271,50990,22.5,15
"insgesamt",2005,"Ramersdorf",5117,101820,19.9,16
"insgesamt",2005,"Obergiesing",7901,45132,5.7,17
"insgesamt",2005,"Untergiesing",5814,46857,8.1,18
"insgesamt",2005,"Thalkirchen",4458,79148,17.8,19
"insgesamt",2005,"Hadern",4768,43981,9.2,20
"insgesamt",2005,"Pasing",3802,62724,16.5,21
"insgesamt",2005,"Aubing",1103,37560,34.1,22
"insgesamt",2005,"Allach",1785,27586,15.5,23
"insgesamt",2005,"Feldmoching",1860,53389,28.7,24
"insgesamt",2005,"Laim",9255,48927,5.3,25
"insgesamt",2004,"Stadt München",4101,1273186,310.4,26
"insgesamt",2004,"Altstadt",5756,18210,3.2,1
"insgesamt",2004,"Ludwigsvorstadt",9908,43469,4.4,2
"insgesamt",2004,"Maxvorstadt",9689,41581,4.3,3
"insgesamt",2004,"Schwabing-West",12652,55231,4.4,4
"insgesamt",2004,"Haidhausen",12182,51383,4.2,5
"insgesamt",2004,"Sendling",9060,35691,3.9,6
"insgesamt",2004,"Sendling-Westpark",6228,48669,7.8,7
"insgesamt",2004,"Schwanthalerhöhe",12254,25369,2.1,8
"insgesamt",2004,"Neuhausen",6342,81921,12.9,9
"insgesamt",2004,"Moosach",4225,46856,11.1,10
"insgesamt",2004,"Milbertshofen",4716,63076,13.4,11
"insgesamt",2004,"Schwabing",2322,59602,25.7,12
"insgesamt",2004,"Bogenhausen",3078,72982,23.7,13
"insgesamt",2004,"Berg am Laim",6041,38139,6.3,14
"insgesamt",2004,"Trudering",2178,48914,22.5,15
"insgesamt",2004,"Ramersdorf",5068,100851,19.9,16
"insgesamt",2004,"Obergiesing",7787,44473,5.7,17
"insgesamt",2004,"Untergiesing",5765,46462,8.1,18
"insgesamt",2004,"Thalkirchen",4397,78057,17.8,19
"insgesamt",2004,"Hadern",4704,43396,9.2,20
"insgesamt",2004,"Pasing",3763,62081,16.5,21
"insgesamt",2004,"Aubing",1104,37595,34.1,22
"insgesamt",2004,"Allach",1772,27374,15.5,23
"insgesamt",2004,"Feldmoching",1845,52958,28.7,24
"insgesamt",2004,"Laim",9239,48841,5.3,25
"insgesamt",2003,"Stadt München",4084,1267813,310.4,26
"insgesamt",2003,"Altstadt",5740,18159,3.2,1
"insgesamt",2003,"Ludwigsvorstadt",9946,43637,4.4,2
"insgesamt",2003,"Maxvorstadt",9674,41502,4.3,3
"insgesamt",2003,"Schwabing-West",12440,54351,4.4,4
"insgesamt",2003,"Haidhausen",12243,51636,4.2,5
"insgesamt",2003,"Sendling",8915,35113,3.9,6
"insgesamt",2003,"Sendling-Westpark",6216,48564,7.8,7
"insgesamt",2003,"Schwanthalerhöhe",12220,25328,2.1,8
"insgesamt",2003,"Neuhausen",6321,81661,12.9,9
"insgesamt",2003,"Moosach",4198,46546,11.1,10
"insgesamt",2003,"Milbertshofen",4628,61886,13.4,11
"insgesamt",2003,"Schwabing",2346,60215,25.7,12
"insgesamt",2003,"Bogenhausen",3081,73070,23.7,13
"insgesamt",2003,"Berg am Laim",5958,37628,6.3,14
"insgesamt",2003,"Trudering",2134,47919,22.5,15
"insgesamt",2003,"Ramersdorf",5063,100735,19.9,16
"insgesamt",2003,"Obergiesing",7838,44761,5.7,17
"insgesamt",2003,"Untergiesing",5795,46707,8.1,18
"insgesamt",2003,"Thalkirchen",4385,77850,17.8,19
"insgesamt",2003,"Hadern",4642,42823,9.2,20
"insgesamt",2003,"Pasing",3728,61509,16.5,21
"insgesamt",2003,"Aubing",1103,37566,34.1,22
"insgesamt",2003,"Allach",1745,26977,15.5,23
"insgesamt",2003,"Feldmoching",1845,52961,28.7,24
"insgesamt",2003,"Laim",9214,48708,5.3,25
"insgesamt",2002,"Stadt München",4073,1264309,310.4,26
"insgesamt",2002,"Altstadt",5751,18193,3.2,1
"insgesamt",2002,"Ludwigsvorstadt",10042,44059,4.4,2
"insgesamt",2002,"Maxvorstadt",9697,41606,4.3,3
"insgesamt",2002,"Schwabing-West",12422,54272,4.4,4
"insgesamt",2002,"Haidhausen",12330,52000,4.2,5
"insgesamt",2002,"Sendling",8914,35102,3.9,6
"insgesamt",2002,"Sendling-Westpark",6201,48448,7.8,7
"insgesamt",2002,"Schwanthalerhöhe",12100,25080,2.1,8
"insgesamt",2002,"Neuhausen",6343,81947,12.9,9
"insgesamt",2002,"Moosach",4179,46333,11.1,10
"insgesamt",2002,"Milbertshofen",4610,61655,13.4,11
"insgesamt",2002,"Schwabing",2340,60060,25.7,12
"insgesamt",2002,"Bogenhausen",3054,72429,23.7,13
"insgesamt",2002,"Berg am Laim",5984,37793,6.3,14
"insgesamt",2002,"Trudering",2101,47186,22.5,15
"insgesamt",2002,"Ramersdorf",5034,100145,19.9,16
"insgesamt",2002,"Obergiesing",7808,44616,5.7,17
"insgesamt",2002,"Untergiesing",5769,46495,8.1,18
"insgesamt",2002,"Thalkirchen",4375,77659,17.8,19
"insgesamt",2002,"Hadern",4618,42563,9.2,20
"insgesamt",2002,"Pasing",3675,60616,16.5,21
"insgesamt",2002,"Aubing",1102,37532,34,22
"insgesamt",2002,"Allach",1740,26903,15.5,23
"insgesamt",2002,"Feldmoching",1846,53010,28.7,24
"insgesamt",2002,"Laim",9194,48606,5.3,25
